"","cluster","gene","avg_log2FC_vs_full_dataset","p_val","p_val_corrected","pct_of_cells_in_cluster_expressing_gene","pct_of_cells_in_dataset_expressing_gene"
"1","SC","Timp2",1.77855720319805,4.31294401676979e-87,9.23358184550243e-83,0.89,0.152
"2","SC","Fxyd6",2.38015108054168,4.00278792073644e-85,8.56956865950463e-81,0.862,0.043
"3","SC","Cd63",1.71592957426556,2.31757128225431e-70,4.96168835817825e-66,0.954,0.431
"4","SC","Fbln5",1.58256146667338,8.01146159784095e-66,1.71517381348177e-61,0.817,0.058
"5","SC","Pgf",2.54889138361539,3.83248960900649e-63,8.20497700392198e-59,0.752,0.049
"6","SC","Nupr1",2.04986541892991,4.29671127872615e-63,9.19882917662482e-59,0.982,0.474
"7","SC","Aebp1",1.14738287990579,1.6400218525642e-58,3.5111227841547e-54,0.771,0.06
"8","SC","Ttc9",1.40495528383601,6.42907836102765e-57,1.37640138631241e-52,0.817,0.298
"9","SC","Npnt",1.71334176664078,7.94485234105759e-54,1.70091343769702e-49,0.615,0.021
"10","SC","Gng11",1.42157529777961,2.01407671995174e-53,4.31193684974469e-49,0.982,0.832
"11","SC","Cp",1.23639216228496,3.98207489671286e-53,8.52522414637257e-49,0.734,0.072
"12","SC","Postn",1.16935220793302,9.56145561993525e-51,2.04701203367194e-46,0.596,0.012
"13","SC","Hif1a",1.14266552638251,1.05303423276215e-50,2.25444098892048e-46,0.936,0.608
"14","SC","Sema3a",0.933263576298862,9.78686010594985e-50,2.0952688800828e-45,0.541,0.004
"15","SC","Galnt1",1.1256873511342,5.02794106119089e-49,1.07643190179036e-44,0.789,0.425
"16","SC","Selp",2.36058888514896,1.18713098034111e-47,2.54152871581227e-43,0.789,0.105
"17","SC","Casp4",1.14965741339584,4.95312470526235e-47,1.06041446814962e-42,0.844,0.201
"18","SC","Vim",1.31468379113537,5.68808393683976e-47,1.21776189003802e-42,0.972,0.809
"19","SC","Cd9",1.09321299403306,1.43008188173811e-46,3.06166230061312e-42,0.954,0.733
"20","SC","Arl4a",1.43341360962175,1.7580293392827e-46,3.76376501247033e-42,0.899,0.55
"21","SC","Ccl21a",2.5759291680141,6.49881584789174e-44,1.39133148487514e-39,0.505,0.008
"22","SC","Rgs16",1.65174761734948,3.06394457300082e-42,6.55959893633746e-38,0.798,0.195
"23","SC","S100a6",1.26811062378632,3.07278891554768e-41,6.57853378929603e-37,0.899,0.421
"24","SC","Tfpi2",1.79821417927459,6.30056007574729e-40,1.34888690661674e-35,0.798,0.343
"25","SC","Adamtsl1",0.861486487497999,5.20553803276222e-39,1.11445363743406e-34,0.587,0.051
"26","SC","S100a10",1.07274518850223,3.56968914115641e-38,7.64234748230175e-34,0.954,0.797
"27","SC","Dab2",0.98427871973136,4.98770543984806e-38,1.06781785761707e-33,0.899,0.661
"28","SC","Serpine1",1.46292338642514,1.65226239560431e-37,3.53732856274927e-33,0.881,0.497
"29","SC","Selenop",0.943339086734481,2.18748884013208e-36,4.68319485783876e-32,0.899,0.704
"30","SC","Rcan1",1.28817112358724,2.60859697119029e-36,5.58474525562129e-32,0.752,0.3
"31","SC","Lbp",1.15956113930876,3.33102244242233e-35,7.13138594698197e-31,0.817,0.288
"32","SC","Mxra8",0.946282926152992,5.38977507749518e-34,1.15389694634094e-29,0.743,0.234
"33","SC","Mras",0.846731958573729,5.53014328586427e-34,1.18394837607068e-29,0.532,0.043
"34","SC","Pdlim4",0.846384947893675,6.53341330778541e-34,1.39873845506378e-29,0.569,0.051
"35","SC","AA467197",1.1641657030638,1.06028941303768e-32,2.26997360437238e-28,0.734,0.216
"36","SC","Htr2b",0.589105233520149,1.75204787495665e-32,3.75095929549469e-28,0.385,0.004
"37","SC","Pkig",0.895715674934013,7.64020039552947e-31,1.63569050267891e-26,0.853,0.45
"38","SC","Akap13",0.863512427216514,3.67947723184383e-30,7.87739280565447e-26,0.872,0.536
"39","SC","Klf6",0.944126384051504,9.19403453315584e-30,1.96835085320333e-25,0.917,0.678
"40","SC","Pcp4l1",0.980926307040866,1.09153677330632e-29,2.3368710779715e-25,0.743,0.183
"41","SC","Gpm6a",0.688808459545702,1.09755927035731e-29,2.34976464190795e-25,0.55,0.064
"42","SC","Tgif1",0.821043984070801,1.63841142317992e-28,3.50767501588589e-24,0.862,0.509
"43","SC","Ccl2",2.93445144906281,2.26859503887921e-28,4.85683511873651e-24,0.468,0.105
"44","SC","Nsg1",0.918926510300311,3.25363640559077e-28,6.96571018072927e-24,0.596,0.14
"45","SC","Ltbp4",0.714506351058132,1.81977146007487e-27,3.89594871887428e-23,0.67,0.14
"46","SC","Ntn1",0.597234862107988,1.95665626248217e-27,4.18900539234807e-23,0.486,0.053
"47","SC","Mical3",0.671991296010689,8.5682582849405e-27,1.83437841622291e-22,0.615,0.113
"48","SC","Cgnl1",0.840355337040463,9.7468456678217e-27,2.08670218902395e-22,0.688,0.347
"49","SC","Rnase4",0.670138519393142,6.09289012173982e-26,1.30442684616328e-21,0.596,0.115
"50","SC","Mall",0.73905287924709,2.96427097379828e-25,6.34620772780473e-21,0.67,0.187
"51","SC","S100a11",0.668733695116097,4.33286831134151e-25,9.27623776775103e-21,0.954,0.838
"52","SC","Pard6g",0.637836667552378,1.09048636554619e-24,2.33462225999784e-20,0.422,0.035
"53","SC","Lmna",0.74789621525925,2.51866318497661e-24,5.39220601271643e-20,0.972,0.936
"54","SC","Palmd",0.840401477206002,3.9034338743412e-24,8.35686158157708e-20,0.771,0.337
"55","SC","Anxa1",1.05524513310525,3.96405306916416e-24,8.48664121577355e-20,0.771,0.435
"56","SC","Adamts5",0.579266788162707,3.97712058323207e-24,8.51461745664153e-20,0.431,0.039
"57","SC","F8",0.562189778677039,4.29860136272978e-24,9.20287565746819e-20,0.495,0.066
"58","SC","Prox1",0.590090490926263,9.04691133634933e-24,1.93685324799903e-19,0.44,0.047
"59","SC","Ifi27l2a",1.03817785177134,6.19980989458931e-23,1.32731730033262e-18,0.376,0.025
"60","SC","Psmd1",0.849650059229502,6.65724990077119e-23,1.4252506312561e-18,0.807,0.528
"61","SC","Lcn2",0.709099488352113,6.70596060257977e-23,1.4356791054063e-18,0.349,0.018
"62","SC","Pdlim1",0.824441109055435,1.03309745977384e-22,2.2117583516298e-18,0.872,0.444
"63","SC","Tlr2",0.635035998625178,9.20295502274081e-22,1.97026064081858e-17,0.514,0.099
"64","SC","Anxa2",0.776553224234767,1.32103093005409e-21,2.8281951181528e-17,0.945,0.827
"65","SC","Lrg1",0.837609471483291,1.68926804498309e-21,3.6165539575043e-17,0.881,0.429
"66","SC","Igfbp5",1.46800897934494,3.96564943592124e-21,8.49005887736379e-17,0.569,0.172
"67","SC","Cavin3",0.728686884067326,1.71740952677723e-20,3.67680205587738e-16,0.862,0.678
"68","SC","Samsn1",0.695874727143477,1.4676615573536e-19,3.14211662813833e-15,0.569,0.14
"69","SC","Ppp1r14b",0.649985524961406,2.04789738657352e-19,4.38434351491525e-15,0.743,0.361
"70","SC","Tspan18",0.631928855504853,8.21620482434664e-19,1.75900729084437e-14,0.688,0.437
"71","SC","Il17ra",0.627511188777784,1.88217347421021e-18,4.02954519093664e-14,0.55,0.144
"72","SC","Actn1",0.619030998527381,2.81219051681622e-18,6.02061867745184e-14,0.56,0.209
"73","SC","Rnf19b",0.620213811015845,3.22955527986394e-18,6.91415489866071e-14,0.642,0.23
"74","SC","Fcgrt",0.657430296915018,3.25823105862353e-18,6.97554687340712e-14,0.78,0.519
"75","SC","Hs3st1",0.601807070958402,3.4816714956563e-18,7.45391050505058e-14,0.523,0.117
"76","SC","Maf",0.920597267367651,3.72962374441646e-18,7.9847514744212e-14,0.523,0.185
"77","SC","Slco3a1",0.576693051143776,8.31871433275997e-18,1.78095355150058e-13,0.523,0.129
"78","SC","Jag1",0.62594600656553,1.69830559687553e-17,3.63590245235082e-13,0.44,0.086
"79","SC","Sh2d5",0.604736603145761,2.20727859113443e-17,4.7255627357597e-13,0.532,0.133
"80","SC","Plau",0.619316281521598,1.39151690280756e-16,2.9790985372207e-12,0.385,0.062
"81","SC","Itm2c",0.611348639372559,3.36385687699461e-16,7.20168118795776e-12,0.706,0.405
"82","SC","Trp53i11",0.725640863242061,3.56599015314984e-16,7.63442831887849e-12,0.761,0.466
"83","SC","Pdgfa",0.672469784648552,4.76089153784111e-16,1.0192592693364e-11,0.917,0.784
"84","SC","Lgmn",0.62253722570321,5.72873095449878e-16,1.22646401004864e-11,0.688,0.292
"85","SC","Ehd1",0.604986181195801,2.04730928796823e-15,4.38308445461119e-11,0.881,0.706
"86","SC","Slco2a1",0.741463934371772,2.77543055933369e-15,5.9419192844775e-11,0.642,0.251
"87","SC","Vcam1",1.06926464413133,9.56067690281361e-15,2.04684531812337e-10,0.431,0.094
"88","SC","Iigp1",0.671777138643384,2.52273015083293e-14,5.40091297991822e-10,0.936,0.803
"89","SC","Il6st",0.705320445701615,7.53781452399594e-14,1.61377071144229e-09,0.771,0.452
"90","SC","Adam10",0.559599254544892,1.83128362526559e-13,3.92059511333110e-09,0.651,0.296
"91","SC","Tulp4",0.58954638324759,2.15396235945945e-12,4.61141801536673e-08,0.706,0.454
"92","SC","Cd74",0.671636268002439,2.18006469113243e-12,4.66730049724543e-08,0.376,0.084
"93","SC","Ccl7",0.908202060295202,1.44953031548386e-11,3.10329945241939e-07,0.284,0.049
"94","SC","Bmp4",0.620110020238849,2.33742938744943e-11,5.00420257559048e-07,0.578,0.24
"95","SC","Gbp4",0.669190252584749,9.26701539259999e-10,1.98397532540173e-05,0.761,0.532
"96","SC","Ackr2",0.561315178309283,4.36423513077785e-09,9.34339099148231e-05,0.587,0.366
"97","SC","Mafb",0.581926342056987,1.51514007518826e-07,0.00324376338697055,0.422,0.234
"98","SC","Cxcl10",0.792211142932705,2.73853496870682e-07,0.00586292951450443,0.596,0.376
"99","SC","Thbs1",0.624288073657697,5.73797292180783e-07,0.0122844262282984,0.541,0.306
"100","SC","Cxcl1",0.998475708825211,2.83364115399065e-05,0.606654234657858,0.367,0.166
"101","LEC","Fgl2",3.21046286622691,4.31449641186721e-12,9.2369053681665e-08,1,0.083
"102","LEC","Mmrn1",2.83383097365827,1.97158505124146e-11,4.22096643620283e-07,1,0.131
"103","LEC","Lars2",2.63770497097573,5.01506562769819e-11,1.07367540023391e-06,0.75,0.233
"104","LEC","Lyve1",2.76139443078655,6.785264442211e-10,1.45265726443295e-05,1,0.003
"105","LEC","Fxyd1",1.70213788279868,1.64737422638915e-07,0.00352686348127652,1,0.026
"106","LEC","Fth1",1.33423470915626,4.46589210408102e-07,0.00956102840562706,1,0.995
"107","LEC","Rnase4",1.6763199716966,1.75878504005125e-06,0.0376538289224573,1,0.194
"108","LEC","Fndc1",2.16498078453949,3.65721608872484e-06,0.07829733924351,0.75,0.008
"109","LEC","Ccl21a",3.66327406193126,5.10534368769045e-06,0.109300303009765,1,0.089
"110","LEC","Mrc1",1.18174277876119,6.52027036061571e-06,0.139592468150422,0.75,0.006
"111","LEC","Reln",1.94848865087645,6.72404596895264e-06,0.143955100149307,0.75,0.015
"112","LEC","Cbfa2t3",1.48463760489037,7.08541097403225e-06,0.151691563543056,1,0.172
"113","LEC","Ttc4",1.280291166817,1.14420194994579e-05,0.244962195463895,0.5,0.128
"114","LEC","Gm1673",1.5408476707018,1.25014271477435e-05,0.267643053806041,0.5,0.128
"115","LEC","Nfatc1",1.52982988141192,1.32061385668506e-05,0.282730220577705,0.5,0.138
"116","LEC","Pdpn",1.9716001528411,1.33483608020832e-05,0.285775056411799,0.75,0.019
"117","LEC","Dtx1",1.05377989010582,1.57793710797486e-05,0.337820555446337,0.5,0
"118","LEC","Ice1",1.08243560221642,1.66729014908637e-05,0.356950148017901,0.25,0.33
"119","LEC","Hmcn1",1.37798098546694,1.67213586843129e-05,0.357987568072455,0.5,0.388
"120","LEC","Srd5a3",1.33284083237113,3.52984463635591e-05,0.755704438197438,0.5,0.079
"121","LEC","Dut",1.26909086022275,3.59393148972307e-05,0.769424792634812,0.5,0.128
"122","LEC","Nxn",1.42172903557758,4.51218837137812e-05,0.966014408428342,1,0.317
"123","LEC","Cinp",1.24434812594175,6.03999367661543e-05,1,0.5,0.152
"124","LEC","Selenop",1.40904506362725,6.42503655167853e-05,1,1,0.736
"125","LEC","Ltbp4",2.02820244132111,6.95136244205469e-05,1,0.5,0.231
"126","LEC","Abi3bp",1.8859956352485,7.31604768309776e-05,1,0.75,0.07
"127","LEC","Cavin2",1.43532203877717,8.04667282362634e-05,1,1,0.458
"128","LEC","Ston2",1.14089177444725,8.76225408703032e-05,1,0.75,0.042
"129","LEC","Cops9",1.11932533546719,9.7252430688971e-05,1,0.25,0.283
"130","LEC","Gpm6a",1.60227466494948,0.000103775081643091,1,1,0.144
"131","LEC","Nenf",1.4053128133704,0.000104578557053217,1,1,0.547
"132","LEC","Vdac3",1.24439378699788,0.000115742900107812,1,1,0.634
"133","LEC","Prelp",1.85088251455869,0.000118921584277368,1,0.75,0.063
"134","LEC","Cdc42ep5",1.36949761613336,0.000180738159482397,1,0.75,0.074
"135","LEC","Ugcg",1.4683835385848,0.000184807288452928,1,0.5,0.249
"136","LEC","Ahnak2",1.61587523870318,0.000224947902014732,1,0.5,0.057
"137","LEC","Cd9",1.39939122502185,0.000234630375214833,1,1,0.77
"138","LEC","Man2b2",1.33199510361056,0.000265625454636851,1,0.5,0.066
"139","LEC","Gucy1a1",2.17112997103838,0.000280081837210043,1,0.5,0.003
"140","LEC","Mzt2",1.27163886448492,0.000316873283988794,1,0.5,0.107
"141","LEC","Sdccag3",1.1592657108411,0.000338275769149255,1,0.75,0.307
"142","LEC","Cyp4f13",1.3274202787208,0.000345748757668523,1,0.5,0.066
"143","LEC","Stx3",1.12930362796543,0.000367437808048455,1,0.75,0.252
"144","LEC","Abca3",1.27683486467491,0.000380384132199086,1,0.5,0.107
"145","LEC","Tbx1",1.679877096866,0.00038919509961396,1,0.75,0.042
"146","LEC","Tia1",1.0614726227079,0.000402924679249975,1,0.5,0.278
"147","LEC","Ppp1r14a",1.39900672622943,0.000413345710219024,1,0.5,0.011
"148","LEC","Tppp3",1.35477385031779,0.000471921708635235,1,0.5,0.044
"149","LEC","Megf6",1.3767342753654,0.000484857969953943,1,0.5,0.028
"150","LEC","Pacsin3",1.08257512127263,0.000564182124621173,1,0.5,0.006
"151","LEC","Hcfc1r1",1.04570954663774,0.000611060756821653,1,0.5,0.288
"152","LEC","Mrpl15",1.13442469334261,0.000641889625662852,1,0.75,0.291
"153","LEC","Gmfg",1.12791659586427,0.000778109377473707,1,0.75,0.162
"154","LEC","Nts",2.48744196841919,0.000836506167897048,1,0.5,0.015
"155","LEC","Sulf2",1.09194641593756,0.000894097273004482,1,0.75,0.063
"156","LEC","Thy1",1.04828867749904,0.000947223971729656,1,0.5,0.006
"157","LEC","Smg6",1.13713950260389,0.00099910071959409,1,0.75,0.286
"158","LEC","Ecm2",1.36402594387788,0.00102323198173556,1,0.75,0.089
"159","LEC","Ctsd",1.11225604460115,0.00106796413811217,1,0.75,0.646
"160","LEC","Stc2",1.50589057628292,0.0011143571303024,1,0.5,0.016
"161","LEC","Nqo1",1.15243823257852,0.00112665820239706,1,0.75,0.091
"162","LEC","Plscr3",1.17568061208855,0.00123174854993269,1,0.75,0.236
"163","LEC","Rassf9",1.08534460970522,0.00125386977574528,1,0.5,0.223
"164","LEC","Rwdd1",1.11277285202539,0.00135180616865215,1,1,0.555
"165","LEC","Sgk3",1.18532129890363,0.00136872042782856,1,0.5,0.131
"166","LEC","Cxxc5",1.22004349426014,0.0015715964731539,1,0.75,0.168
"167","LEC","Tgfb1i1",1.11531836404273,0.00160038317889096,1,0.75,0.298
"168","LEC","Grap",1.32976964045927,0.00171048813571498,1,1,0.367
"169","LEC","Cpne2",1.1667151935513,0.00171824458514427,1,0.75,0.241
"170","LEC","Prcc",1.10808136965347,0.00174850395835762,1,0.75,0.16
"171","LEC","Tgfbi",1.29561768723933,0.00183013300747743,1,0.75,0.094
"172","LEC","Fxyd6",1.35794953632501,0.00193703010113296,1,1,0.181
"173","LEC","Vkorc1",1.14706640464566,0.00195856168269035,1,0.75,0.252
"174","LEC","Acaa1a",1.09552671347474,0.00223146255174039,1,0.75,0.165
"175","LEC","Scn1b",1.28484476549157,0.002232415445463,1,0.75,0.524
"176","LEC","Ndufa3",1.1740347585495,0.00232814518242333,1,0.75,0.227
"177","LEC","Plcb4",1.13980923451941,0.00246378325929085,1,0.75,0.256
"178","LEC","Dusp2",1.22600966572008,0.00315711600303829,1,0.5,0.248
"179","LEC","Epb41l2",1.06365783512104,0.00324903243885111,1,0.75,0.338
"180","LEC","Nectin2",1.0635559271307,0.00393210876328151,1,0.75,0.168
"181","LEC","Nsg1",1.30136148505508,0.00404805926945357,1,0.5,0.218
"182","LEC","Eps15",1.2634993248528,0.0043112321707621,1,0.5,0.222
"183","LEC","Arl4a",1.54398679464,0.00431483646032104,1,0.75,0.61
"184","LEC","Glud1",1.12565712358862,0.00434307957595217,1,0.75,0.654
"185","LEC","Dpysl2",1.29414682147072,0.00449371951442299,1,0.5,0.327
"186","LEC","Nr3c2",1.13362921922095,0.00462171945446451,1,0.5,0.05
"187","LEC","Fcgrt",1.03712939888188,0.00467352668263306,1,1,0.561
"188","LEC","Pard6g",1.04829291498126,0.00470988859362714,1,0.75,0.099
"189","LEC","Tulp4",1.08177170730711,0.00541677557376926,1,0.75,0.497
"190","LEC","Ckb",1.10462514446404,0.00547553945906225,1,0.75,0.439
"191","LEC","Myadm",1.10287497216088,0.00551341746563034,1,0.5,0.265
"192","LEC","Serpine2",1.18073923092588,0.00577758653120523,1,0.5,0.139
"193","LEC","Tmem55b",1.14091791358501,0.0061201337658523,1,0.5,0.341
"194","LEC","Ptx3",1.11116873281092,0.00697647998451032,1,0.5,0.024
"195","LEC","Cfh",1.14296995833218,0.00721791998525441,1,0.25,0.421
"196","LEC","Arfgap2",1.40273610618056,0.0073942678981702,1,0.5,0.35
"197","LEC","Ephb4",1.04379182763767,0.00818922014287515,1,0.75,0.314
"198","LEC","B230354K17Rik",1.04896665199962,0.00862073789499482,1,0.5,0.037
"199","LEC","Tkt",1.03315785107325,0.00954241731859824,1,0.75,0.325
"200","LEC","Txnip",1.26185197508677,0.00955196426278763,1,1,0.489
"201","EC_2","Mgp",2.08098890897795,6.47323119254396e-40,1.38585406601174e-35,0.943,0.391
"202","EC_2","Tmem252",1.3421337208967,7.52298336443841e-30,1.61059550849262e-25,0.871,0.33
"203","EC_2","Slco1a4",1.18289182521473,7.55187210754469e-28,1.61678029950424e-23,0.8,0.208
"204","EC_2","Vwf",1.0041407098626,5.7178571589942e-22,1.22413603916907e-17,0.714,0.156
"205","EC_2","Emp1",0.830393827531027,2.0591371246274e-15,4.40840667011481e-11,0.986,0.87
"206","EC_2","Tm4sf1",0.736624618219921,3.46568598571006e-15,7.41968712680666e-11,1,0.986
"207","EC_2","Sele",1.1065104627095,1.33070948893996e-14,2.84891594487156e-10,0.586,0.181
"208","EC_2","Aqp11",0.553947084269604,2.02664808943832e-14,4.33885089467851e-10,0.471,0.096
"209","EC_2","Slc2a1",0.77857316063572,2.61752266994886e-14,5.60385428409352e-10,0.814,0.542
"210","EC_2","Cthrc1",0.794669029409442,8.04959780727887e-14,1.72333839456033e-09,0.529,0.172
"211","EC_2","Lrg1",0.949883593624339,1.22350847711069e-13,2.61940929864627e-09,0.829,0.467
"212","EC_2","Ets1",0.561142017329461,2.3061215732341e-13,4.93717567613687e-09,0.943,0.841
"213","EC_2","Ifi203",0.679930916340235,2.82370939820492e-13,6.04527945061691e-09,0.943,0.73
"214","EC_2","Lrrc8c",0.647516168749408,3.22456243323249e-13,6.90346571330745e-09,0.886,0.634
"215","EC_2","Gbp5",0.753718215591974,3.22551267838351e-13,6.90550009315127e-09,0.814,0.464
"216","EC_2","Pmaip1",0.811494312615845,4.55081263289954e-13,9.74283476577463e-09,0.757,0.446
"217","EC_2","Myof",0.53311844598435,4.97630475680131e-13,1.06537708538359e-08,0.4,0.062
"218","EC_2","Col18a1",0.93529690111036,8.1159988076805e-13,1.73755418473632e-08,0.629,0.226
"219","EC_2","Mndal",0.689758899401489,1.83437376864433e-12,3.92721080129065e-08,0.829,0.605
"220","EC_2","Slc39a8",0.642558821753779,2.42705202025908e-12,5.19607567017266e-08,0.571,0.192
"221","EC_2","Cfh",0.979973221079422,2.84626150142679e-12,6.09356124840462e-08,0.729,0.38
"222","EC_2","Lef1",0.480524968647755,3.12736992933485e-12,6.69538628171299e-08,0.429,0.082
"223","EC_2","Lap3",0.655711308062202,3.46821264187121e-12,7.42509644498208e-08,0.6,0.281
"224","EC_2","Cpe",0.828656203173606,3.705057009283e-12,7.93215655117397e-08,0.429,0.13
"225","EC_2","Slc6a6",0.620314366327841,8.99227386690926e-12,1.9251559121666e-07,0.943,0.582
"226","EC_2","Cygb",0.48556750415398,1.02227803668626e-11,2.18859504874162e-07,0.357,0.058
"227","EC_2","Rnd1",0.92347400641406,1.51019857467008e-11,3.23318412851116e-07,0.8,0.52
"228","EC_2","Mkl2",0.61688324604331,2.49193057928256e-11,5.33497417718603e-07,0.743,0.44
"229","EC_2","Grrp1",0.678597286114067,2.86609881095937e-11,6.13603094438292e-07,0.914,0.694
"230","EC_2","Spock2",0.674925962893878,3.3278044471084e-11,7.12449654081437e-07,0.371,0.071
"231","EC_2","Pim3",0.753431441618382,3.60337715486064e-11,7.71447015084114e-07,0.929,0.801
"232","EC_2","Pim1",0.587091271507923,4.12375617571049e-11,8.82854959657858e-07,0.929,0.81
"233","EC_2","Ptprb",0.555480332484188,5.10786936396939e-11,1.09354375213221e-06,0.957,0.804
"234","EC_2","Abcb1a",0.64616547387533,9.46322146006355e-11,2.02598108238501e-06,0.743,0.42
"235","EC_2","Lima1",0.554157194022576,1.63141378431322e-10,3.49269377083616e-06,0.757,0.553
"236","EC_2","Gja1",0.625627746562521,1.82855500042075e-10,3.91475340040078e-06,0.943,0.701
"237","EC_2","Nfkbia",0.615521662523073,5.32173357579948e-10,1.13932994124291e-05,0.971,0.946
"238","EC_2","Stra6",0.788697192579764,9.37183868283734e-10,2.00641694360865e-05,0.5,0.194
"239","EC_2","Mctp1",0.464713189202029,1.23792404916572e-09,2.65027159685888e-05,0.729,0.339
"240","EC_2","Ctsh",0.476712828486523,1.39348638114635e-09,2.98331499339622e-05,0.386,0.087
"241","EC_2","Tgm2",0.572260450575325,1.79882736405641e-09,3.85110950370838e-05,0.914,0.696
"242","EC_2","Vcam1",1.02096629110866,2.08407144582194e-09,4.46178855836019e-05,0.429,0.118
"243","EC_2","Prss23",0.425589276621802,2.10660543255798e-09,4.51003157056338e-05,1,0.774
"244","EC_2","Arhgap20",0.463230620482498,2.13505769866758e-09,4.57094502707743e-05,0.314,0.06
"245","EC_2","Foxq1",0.704061535629106,2.44178208700563e-09,5.22761127007035e-05,0.529,0.185
"246","EC_2","Bsg",0.45891203253547,2.80343435406567e-09,6.0018726086192e-05,0.943,0.868
"247","EC_2","Cd200",0.544064288932233,3.01597573132805e-09,6.45690244320022e-05,0.957,0.835
"248","EC_2","Edn1",1.00742446439636,3.16646166391066e-09,6.77907777626632e-05,0.643,0.346
"249","EC_2","Gbp4",0.647472927935172,4.85476274319368e-09,0.000103935615569033,0.843,0.538
"250","EC_2","Glul",0.669106315155415,6.96876725536092e-09,0.000149194338170022,0.629,0.428
"251","EC_2","Rhob",0.607092575381224,8.280627966014e-09,0.000177279964124394,0.957,0.812
"252","EC_2","Gbp2",0.652653518573705,1.18816404798949e-08,0.000254374041034069,0.971,0.795
"253","EC_2","Jak2",0.518445386391244,1.38630272383964e-08,0.000296793550146829,0.729,0.527
"254","EC_2","Cyyr1",0.485760852949107,1.44449927435363e-08,0.000309252849646369,0.929,0.746
"255","EC_2","Gja4",0.848774507133304,1.73520283419816e-08,0.000371489574773485,0.357,0.109
"256","EC_2","Tpd52",0.425336811603591,1.79927990382441e-08,0.000385207834609767,0.529,0.199
"257","EC_2","Gpr4",0.498291879994494,3.34926796327374e-08,0.000717044778257274,0.514,0.239
"258","EC_2","Ch25h",0.655268242530663,4.30620536912884e-08,0.000921915507476793,0.343,0.096
"259","EC_2","Entpd1",0.460741154243802,4.3252130756062e-08,0.000925984867356531,0.843,0.589
"260","EC_2","Ier5",0.463601724678413,4.48040787677332e-08,0.000959210522338401,0.886,0.737
"261","EC_2","Mecom",0.431117228005663,4.50554885071378e-08,0.000964592953449312,0.471,0.161
"262","EC_2","Xbp1",0.565720790509735,6.26090420485314e-08,0.00134039698121701,0.886,0.757
"263","EC_2","Auts2",0.432440583812721,6.46136602211961e-08,0.00138331385167559,0.586,0.288
"264","EC_2","Mast4",0.471245191483014,7.30560815037782e-08,0.00156405764891439,0.943,0.795
"265","EC_2","Clec2d",0.415849599509615,1.05447042207326e-07,0.00225751572661665,0.971,0.931
"266","EC_2","Spns2",0.456188419891373,1.87132071310542e-07,0.0040063105146874,0.586,0.315
"267","EC_2","Trim30a",0.469963168582056,1.91014449910354e-07,0.00408942835813078,0.743,0.476
"268","EC_2","Mt2",0.763370556079917,2.22835168028743e-07,0.00477067811232736,0.629,0.455
"269","EC_2","Abcg2",0.457807491307462,2.25488168672659e-07,0.00482747620311296,0.829,0.676
"270","EC_2","Bpgm",0.687674127326221,2.25561051906557e-07,0.00482903656026748,0.571,0.371
"271","EC_2","Pcdh7",0.423627453733966,2.68295522526173e-07,0.00574393884176284,0.329,0.103
"272","EC_2","Stom",0.512884007967245,2.83672650836771e-07,0.00607314778176442,0.543,0.268
"273","EC_2","Fzd6",0.511322460605324,2.93821665104105e-07,0.00629042802821379,0.643,0.38
"274","EC_2","Mt1",0.772163585642857,4.90672160037638e-07,0.0105048002742458,0.786,0.692
"275","EC_2","Osmr",0.478680624221179,4.96353602184266e-07,0.0106264342691629,0.857,0.656
"276","EC_2","Swap70",0.440184493238991,5.23019673372933e-07,0.0111973281872411,0.843,0.71
"277","EC_2","Avpi1",0.488820391766135,5.73776731367627e-07,0.0122839860418495,0.443,0.274
"278","EC_2","Btg1",0.439375595548006,5.87985977104146e-07,0.0125881917838227,0.914,0.871
"279","EC_2","Mal",0.748366505019381,6.64087009586608e-07,0.0142174387882397,0.529,0.232
"280","EC_2","P2ry6",0.425579476923739,7.08026251712005e-07,0.0151581340229023,0.257,0.058
"281","EC_2","Rnf125",0.453564843888172,1.22509236215892e-06,0.0262280023814602,0.8,0.529
"282","EC_2","Zfp36",0.56048223460681,1.2261435313488e-06,0.0262505068626465,0.771,0.62
"283","EC_2","Arid5b",0.447786011067612,1.58968813462088e-06,0.0340336332740985,0.757,0.478
"284","EC_2","Csf2rb",0.68555357710044,2.39056146467611e-06,0.0511795303972509,0.343,0.121
"285","EC_2","Gpcpd1",0.555377346312267,2.49935516774749e-06,0.053508694786306,0.657,0.455
"286","EC_2","Tnfaip3",0.48554362735621,3.85020680437586e-06,0.0824290774748828,0.671,0.393
"287","EC_2","Errfi1",0.613731756265576,4.08154325161493e-06,0.0873817594738241,0.843,0.701
"288","EC_2","Htra1",0.571716005437015,4.37913478913217e-06,0.0937528967005306,0.386,0.149
"289","EC_2","Atp8b1",0.413959814238,5.14045861988547e-06,0.110052078593128,0.3,0.092
"290","EC_2","Ifi202b",0.708986717143795,1.33060613250408e-05,0.284869466907799,0.671,0.458
"291","EC_2","Gadd45g",0.438396161024105,2.77130618341712e-05,0.593308940807771,0.914,0.759
"292","EC_2","Rgs3",0.427379014961543,4.67874410122944e-05,1,0.643,0.437
"293","EC_2","Smim3",0.452710212527724,5.35359367123947e-05,1,0.371,0.196
"294","EC_2","Slc30a1",0.42412018188773,7.90653555064339e-05,1,0.657,0.44
"295","EC_2","Fas",0.485396751582776,0.000149870148771661,1,0.614,0.451
"296","EC_2","Adamts4",0.469913150340919,0.000928419879673518,1,0.586,0.5
"297","EC_2","Bmp4",0.559111177275612,0.00144699575177967,1,0.429,0.283
"298","EC_2","Serpina3g",0.691640172903262,0.00257035993145497,1,0.429,0.245
"299","EC_2","Ripk3",0.41259580183193,0.00421208688755373,1,0.443,0.292
"300","EC_2","Cyr61",0.473208214472668,0.00554791909978536,1,0.5,0.393
"301","EC_3","Hilpda",1.46259636958224,1.98714063521243e-76,4.25426938592629e-72,0.979,0.671
"302","EC_3","Car8",1.12479822884264,3.31102229673158e-64,7.08856763507265e-60,0.881,0.256
"303","EC_3","Fam174b",1.11628182805967,2.19238022382077e-63,4.69366682117788e-59,0.953,0.443
"304","EC_3","Emp2",1.02299394460519,2.45827134748123e-56,5.26291312782257e-52,0.877,0.329
"305","EC_3","Ramp3",1.00937529863558,6.36724308674998e-55,1.3631630724423e-50,0.966,0.513
"306","EC_3","Smad6",0.965680314835454,6.93935023819151e-55,1.48564549249442e-50,0.881,0.303
"307","EC_3","Plvap",0.834905098838613,5.25242901095476e-52,1.12449252695531e-47,1,0.917
"308","EC_3","Rgs9",0.654636043210335,2.20062806967277e-51,4.71132463436242e-47,0.636,0.075
"309","EC_3","Srgn",0.755273465352503,3.4950080012054e-48,7.48246262978065e-44,1,0.777
"310","EC_3","Cd24a",0.95410752796769,3.65435065138189e-48,7.82359930954349e-44,0.962,0.531
"311","EC_3","Id4",0.86969957414959,1.78407661920903e-46,3.8195296340646e-42,0.852,0.277
"312","EC_3","Timp3",0.763723154304002,4.23254738353926e-45,9.06146069341919e-41,1,0.964
"313","EC_3","Tsc22d1",0.915119914827979,4.7249408219156e-45,1.01156258056391e-40,0.996,0.782
"314","EC_3","Cd81",0.683575557024789,2.91435780612083e-44,6.23934862712408e-40,0.996,0.904
"315","EC_3","Egfl7",0.698711688537275,2.15919607239781e-43,4.62262287139648e-39,1,0.922
"316","EC_3","Nrip1",0.738365119811189,6.46979513161381e-42,1.3851184397272e-37,0.962,0.689
"317","EC_3","Sh3bp5",0.783661957238548,1.33714142723351e-41,2.86268608156422e-37,0.945,0.671
"318","EC_3","Slc1a1",0.678085512648545,4.65671319433028e-41,9.9695572777417e-37,0.716,0.176
"319","EC_3","Plpp1",0.806295733239689,8.13648052267089e-41,1.74193911509861e-36,0.983,0.749
"320","EC_3","Nrarp",0.906004946104295,1.04716333847774e-39,2.24187199134699e-35,0.742,0.228
"321","EC_3","Ihh",0.90040983107132,2.39324185257095e-38,5.12369148216914e-34,0.466,0.039
"322","EC_3","Gnai2",0.536594677615904,2.93652718224305e-38,6.28681104446416e-34,0.992,0.92
"323","EC_3","Got1",0.804005894689667,3.99199531723507e-38,8.54646277466856e-34,0.843,0.386
"324","EC_3","Avl9",0.85558694488375,7.24874571282519e-38,1.55188396965874e-33,0.86,0.42
"325","EC_3","Igfbp3",0.844735564780883,1.70759281279716e-37,3.65578545291745e-33,0.962,0.567
"326","EC_3","Dhrs3",0.644601501088324,1.04123786922991e-35,2.22918615423432e-31,0.881,0.433
"327","EC_3","Six3",0.498063768743396,1.30359129742629e-35,2.79085860865994e-31,0.619,0.137
"328","EC_3","Cyp26b1",0.989145351163565,2.13212428886454e-35,4.56466489003009e-31,0.636,0.148
"329","EC_3","Pdia5",0.66322612872937,4.94989382967917e-35,1.05972276999601e-30,0.644,0.155
"330","EC_3","Esm1",0.474296235871829,5.79908124458368e-35,1.24152530365292e-30,0.839,0.347
"331","EC_3","Ybx1",0.508983728168127,1.24125527828401e-34,2.65740342527823e-30,0.996,0.938
"332","EC_3","Kcnk5",0.568270745067743,1.3931449581447e-34,2.98258404089199e-30,0.589,0.119
"333","EC_3","Cx3cl1",0.69393298713793,1.10838224544374e-33,2.37293554927051e-29,0.758,0.269
"334","EC_3","Npr3",0.498431494249263,3.3386577023405e-33,7.14773227494078e-29,0.415,0.036
"335","EC_3","Esam",0.505714590414545,1.22807536771521e-32,2.62918655474149e-28,1,0.738
"336","EC_3","Stc1",0.828594586526763,1.90817476934158e-32,4.08521136368339e-28,0.911,0.531
"337","EC_3","Fam167b",0.530296167243512,4.71582192839394e-32,1.00961031664986e-27,0.919,0.484
"338","EC_3","Eml1",0.576643720988584,2.79892211187872e-30,5.99221234932115e-26,0.657,0.194
"339","EC_3","Emcn",0.510798941267032,1.43292507248099e-29,3.06774928767455e-25,0.996,0.946
"340","EC_3","Prss23",0.533958629043135,1.4670054442217e-28,3.14071195553424e-24,0.979,0.689
"341","EC_3","Aqp1",0.439285641871205,1.5961002206794e-28,3.41709096245252e-24,0.835,0.386
"342","EC_3","Impdh1",0.610694314012487,4.46445484829589e-28,9.55795138471666e-24,0.686,0.244
"343","EC_3","Ripply3",0.550031120276445,6.53535689180286e-28,1.39915455696607e-23,0.513,0.109
"344","EC_3","F2r",0.631751764907323,2.88855022865918e-27,6.18409718453643e-23,0.792,0.368
"345","EC_3","Wfdc1",0.580711135475986,3.42025130736392e-27,7.32241602393542e-23,0.462,0.08
"346","EC_3","Nmb",0.477294398478448,4.19935936031365e-27,8.9904084544955e-23,0.534,0.124
"347","EC_3","Apoe",0.682337346092379,3.0245376744051e-26,6.47523270713388e-22,0.975,0.744
"348","EC_3","Tspan15",0.564095494268149,4.59647447874146e-26,9.84059221153759e-22,0.733,0.301
"349","EC_3","Fem1c",0.54653581884952,5.20449283547051e-26,1.11422987114588e-21,0.758,0.339
"350","EC_3","Gda",0.47192109486978,1.33547210485199e-25,2.85911222927762e-21,0.606,0.187
"351","EC_3","Slc23a2",0.474897054839272,2.15340091356889e-25,4.61021601585964e-21,0.644,0.223
"352","EC_3","Mfng",0.506828351314778,2.48942293777944e-25,5.329605567492e-21,0.716,0.29
"353","EC_3","Ccrl2",0.759423329493882,2.68423233062505e-25,5.74667299663518e-21,0.631,0.215
"354","EC_3","Cotl1",0.549943183078204,3.05913519713033e-25,6.54930254353632e-21,0.886,0.531
"355","EC_3","Plaur",0.536790344380572,6.22674114627697e-25,1.33308301200644e-20,0.992,0.868
"356","EC_3","Hopx",0.571963398258516,1.14833472051179e-24,2.4584698031437e-20,0.445,0.088
"357","EC_3","Cldn5",0.501011941424883,1.88741714004073e-24,4.04077135511319e-20,0.992,0.811
"358","EC_3","Cdc42ep2",0.590336831694848,2.44572357640863e-24,5.23604960473324e-20,0.826,0.453
"359","EC_3","Slc6a6",0.462300231376357,2.62615373990338e-24,5.62233254175914e-20,0.869,0.472
"360","EC_3","Tspan13",0.466283264615096,3.53200204331853e-24,7.56166317454064e-20,0.898,0.534
"361","EC_3","Hic1",0.563885632261622,1.69208060702134e-23,3.62257537157199e-19,0.475,0.114
"362","EC_3","Exoc3l2",0.523304287710934,2.23847785503141e-23,4.79235723983675e-19,0.742,0.332
"363","EC_3","Ctsl",0.591204760302377,2.61438763363105e-23,5.59714248484072e-19,0.979,0.902
"364","EC_3","Vat1",0.513599977642755,2.95699927923389e-23,6.33063975691183e-19,0.763,0.36
"365","EC_3","Itm2b",0.427158660001881,4.27082523070785e-23,9.14340973642243e-19,1,0.987
"366","EC_3","Nrp1",0.428376827508945,2.06774773351145e-22,4.42684112267466e-18,0.843,0.453
"367","EC_3","Ifngr2",0.53084743599543,2.81448478397856e-22,6.0255304740197e-18,0.767,0.378
"368","EC_3","Snx18",0.524092539453457,5.14590328436627e-22,1.10168643414997e-17,0.636,0.254
"369","EC_3","Akap12",0.688997467268129,8.95902107411312e-22,1.91803682175688e-17,0.945,0.754
"370","EC_3","Hes1",0.534826166568302,1.9259576720794e-21,4.12328278015478e-17,0.983,0.785
"371","EC_3","Gng2",0.508556200170116,2.28519789036434e-21,4.89238016348101e-17,0.559,0.192
"372","EC_3","Cmc2",0.568338700499422,5.73661509725389e-21,1.22815192617108e-16,0.568,0.194
"373","EC_3","Sec11a",0.505319643578799,1.97577852558893e-20,4.22994424543334e-16,0.831,0.534
"374","EC_3","Smpdl3a",0.488936800360093,5.17165356399424e-20,1.10719931151553e-15,0.797,0.443
"375","EC_3","Wars",0.464210584637726,5.66928594429619e-20,1.21373742781437e-15,0.763,0.386
"376","EC_3","Ddah2",0.478049481297583,8.98125538290663e-20,1.92279696492648e-15,0.78,0.422
"377","EC_3","Cebpb",0.476997533931973,1.02971350497115e-19,2.20451364279274e-15,0.979,0.858
"378","EC_3","Ramp2",0.595969495774435,1.7749633391543e-19,3.80001901279543e-15,0.958,0.795
"379","EC_3","Acer2",0.52920294804575,1.90363188472714e-19,4.07548550201234e-15,0.754,0.391
"380","EC_3","Tuba1a",0.444214344521543,2.41428979004608e-19,5.16875301150966e-15,0.86,0.549
"381","EC_3","Eva1b",0.452960292608888,3.45709660404108e-19,7.40129811959154e-15,0.754,0.391
"382","EC_3","Apln",0.551080121254487,3.7708571550127e-19,8.07302808316668e-15,0.275,0.031
"383","EC_3","Neu1",0.44666582414761,4.4260854355769e-19,9.47580630902659e-15,0.581,0.22
"384","EC_3","Ipmk",0.49304697978766,1.4021551189096e-18,3.00187389407356e-14,0.623,0.285
"385","EC_3","Ostf1",0.445859199669814,2.74272553752784e-18,5.87190110329336e-14,0.915,0.655
"386","EC_3","BC028528",0.443388709665851,4.80551326184858e-18,1.02881233422916e-13,0.72,0.363
"387","EC_3","Marcksl1",0.487460553787404,6.55089528780409e-18,1.40248117216598e-13,0.966,0.795
"388","EC_3","Nid1",0.431390543689158,2.94029830678168e-17,6.2948846449889e-13,0.742,0.404
"389","EC_3","Spry4",0.450781040744678,3.06385081282236e-17,6.55939820517139e-13,0.627,0.275
"390","EC_3","Ipo11",0.505451191293384,4.40425252593122e-17,9.42906423276615e-13,0.792,0.477
"391","EC_3","Inhbb",0.442053081655914,5.72459115590462e-17,1.22557772056762e-12,0.869,0.557
"392","EC_3","Hspb8",0.435526836226774,6.95947463952523e-17,1.48995392557596e-12,0.686,0.334
"393","EC_3","Rhoc",0.425964810563969,1.31461624957112e-16,2.81446192870682e-12,0.97,0.858
"394","EC_3","Vgll4",0.433433086815502,2.00466189946845e-15,4.291780660572e-11,0.72,0.412
"395","EC_3","Ltc4s",0.520899251103232,2.83055921305817e-14,6.05994421923624e-10,0.453,0.171
"396","EC_3","Maff",0.450843045137581,3.78450819140951e-14,8.10225358698862e-10,0.894,0.746
"397","EC_3","Agpat5",0.486165995060628,5.05218416205655e-14,1.08162210725469e-09,0.682,0.381
"398","EC_3","Camk2n1",0.43140184641373,5.57015667425607e-14,1.19251484239148e-09,0.763,0.482
"399","EC_3","Ucp2",0.432089454116153,9.77686089231106e-14,2.09312814843487e-09,0.648,0.347
"400","EC_3","Ctgf",0.439814471210767,5.92862401129626e-07,0.0126925911457842,0.386,0.189
"401","EC_4","Itm2a",1.06943970765814,1.22426956352607e-38,2.62103870855296e-34,0.768,0.687
"402","EC_4","Sox17",1.35737453038721,1.14102563241703e-28,2.44282177644161e-24,0.542,0.208
"403","EC_4","Sparcl1",0.916762882949382,1.85528106621724e-28,3.97197123466449e-24,0.606,0.527
"404","EC_4","Sparc",0.600316892053765,3.91340478350961e-24,8.37820830101571e-20,0.97,0.983
"405","EC_4","Hsp90aa1",0.605551462209782,1.57539333781051e-23,3.37275959691853e-19,0.916,0.955
"406","EC_4","Arl6ip5",0.507606409627644,1.47824637845966e-21,3.16477767164428e-17,0.833,0.835
"407","EC_4","Hspa8",0.683304845501415,1.20904650290023e-20,2.58844765805911e-16,0.951,0.976
"408","EC_4","Plscr2",0.773895702441184,2.39563764561642e-20,5.12882063550019e-16,0.586,0.344
"409","EC_4","Myct1",0.539206383084027,2.58018614942152e-20,5.52392052729654e-16,0.581,0.513
"410","EC_4","Pcdh17",0.627433410380367,1.07174699093619e-19,2.29450313289529e-15,0.502,0.232
"411","EC_4","Dynll1",0.451961146879005,3.88387207221966e-19,8.31498171941508e-15,0.951,0.95
"412","EC_4","H2afz",0.459280547205651,1.87107772511941e-18,4.00579030170814e-14,0.911,0.969
"413","EC_4","Trim25",0.487712098150386,1.02943565995009e-17,2.20391880438715e-13,0.596,0.532
"414","EC_4","Id1",0.779525703835322,1.99069400000477e-17,4.26187678461021e-13,0.798,0.661
"415","EC_4","Pbx1",0.545100532050133,2.07846247593042e-16,4.44978031471943e-12,0.527,0.482
"416","EC_4","Tinagl1",0.568917127989391,2.13566349476743e-16,4.5722419759476e-12,0.67,0.613
"417","EC_4","Tiparp",0.492330038898806,2.14948525241752e-16,4.60183297690067e-12,0.808,0.804
"418","EC_4","Fabp4",2.06997754703621,6.1020300938814e-16,1.30638362279907e-11,0.365,0.124
"419","EC_4","Pltp",0.596269114783497,1.14506778296617e-15,2.45147561655228e-11,0.685,0.635
"420","EC_4","Ly6c1",0.610728733629396,1.40051486644522e-15,2.99836227757257e-11,0.709,0.63
"421","EC_4","Fam129b",0.443532440817224,4.72577213211367e-15,1.01174055576422e-10,0.764,0.702
"422","EC_4","Calm2",0.322079166397091,9.01449416797676e-15,1.92991305642214e-10,0.828,0.862
"423","EC_4","Rgcc",0.69401737697998,2.62185588140589e-14,5.61313125650186e-10,0.818,0.788
"424","EC_4","Thrsp",0.464378418528198,5.32459175704246e-14,1.13994184926522e-09,0.261,0.048
"425","EC_4","Hspb1",0.482261183927389,6.11702009524452e-14,1.3095928321909e-09,0.803,0.792
"426","EC_4","Dnaja1",0.440177814188631,7.25301011122554e-14,1.55279693471228e-09,0.877,0.919
"427","EC_4","Klf2",0.821654099501764,4.21459976359596e-13,9.02303663388258e-09,0.744,0.687
"428","EC_4","Col13a1",0.504924655659492,4.65506962928642e-13,9.9660385693393e-09,0.438,0.308
"429","EC_4","Jam3",0.46008731047742,1.59732360561921e-12,3.41971010727016e-08,0.488,0.337
"430","EC_4","Irx3",0.306038064049772,1.04303041139124e-11,2.2330238077475e-07,0.547,0.613
"431","EC_4","Meis2",0.49693373326211,1.12708042782541e-11,2.41296648793141e-07,0.296,0.103
"432","EC_4","Tpst2",0.294693255675137,1.52728250886928e-11,3.26975912323824e-07,0.744,0.802
"433","EC_4","Sema7a",0.424647919176626,1.68392975887207e-11,3.60512522076921e-07,0.764,0.723
"434","EC_4","Hspg2",0.374155784941659,1.74417175585196e-11,3.73409731210346e-07,0.7,0.673
"435","EC_4","Kitl",0.483063335962457,6.14397601688515e-11,1.31536382545494e-06,0.64,0.504
"436","EC_4","Cxcl12",0.478652294170297,6.86562784299432e-11,1.46986226490665e-06,0.276,0.313
"437","EC_4","Abca1",0.320823487029335,1.05363871111735e-10,2.25573511663114e-06,0.655,0.671
"438","EC_4","Pqlc1",0.301595771276713,2.19595767035905e-10,4.7013257764717e-06,0.68,0.685
"439","EC_4","Ddx5",0.290467148609323,2.44895507210252e-10,5.24296791386427e-06,0.98,0.99
"440","EC_4","Tet3",0.338096847826411,2.6134862538686e-10,5.59521272090728e-06,0.369,0.327
"441","EC_4","Syne1",0.381827704464766,5.54603646704643e-10,1.18735094722997e-05,0.379,0.205
"442","EC_4","Cavin1",0.291727993174883,6.85506944025764e-10,1.46760181646476e-05,0.557,0.589
"443","EC_4","Grasp",0.347196418984768,1.24924829235314e-09,2.67451566909884e-05,0.591,0.573
"444","EC_4","Tuba1c",0.448271618075317,1.5484715764045e-09,3.3151227979244e-05,0.429,0.305
"445","EC_4","Osgin1",0.402373504656884,2.94750344794306e-09,6.3103101317013e-05,0.305,0.155
"446","EC_4","Col4a1",0.328803892801083,3.36674849238374e-09,7.20787184734434e-05,0.852,0.907
"447","EC_4","Noct",0.389515764651168,6.237351490584e-09,0.000133535458061913,0.507,0.473
"448","EC_4","Sgk1",0.448408511690997,7.81777965664217e-09,0.000167370844669052,0.833,0.842
"449","EC_4","Smco4",0.434106797649139,9.87077415450081e-09,0.000211323403873708,0.429,0.339
"450","EC_4","Socs2",0.431766269286461,1.04388581360915e-08,0.000223485513835583,0.429,0.258
"451","EC_4","Tdrp",0.396719542542037,1.10563475899625e-08,0.000236705345553507,0.419,0.282
"452","EC_4","Pop5",0.320387096093196,1.24606787452416e-08,0.000266770671256878,0.478,0.427
"453","EC_4","Nedd9",0.309922230454258,1.40690485078717e-08,0.000301204259505025,0.788,0.79
"454","EC_4","Hspa5",0.287515687098139,1.51431511524086e-08,0.000324199723021917,0.946,0.971
"455","EC_4","Irf2bpl",0.296790636180957,2.26169333279404e-08,0.000484205925617876,0.611,0.635
"456","EC_4","Mat2a",0.300065894040703,3.35867434692057e-08,0.000719058590932224,0.872,0.893
"457","EC_4","Frmd4a",0.336523292108954,3.42310830710661e-08,0.000732853257468453,0.374,0.308
"458","EC_4","Wsb1",0.325616122447146,3.86230786357686e-08,0.00082688149051317,0.567,0.523
"459","EC_4","Oasl1",0.352430538946312,5.27326182907718e-08,0.00112895262498713,0.532,0.523
"460","EC_4","Irx5",0.327194424114375,7.34810497923458e-08,0.00157315579500433,0.35,0.305
"461","EC_4","Gpihbp1",0.676878199542891,9.78045626076966e-08,0.00209389788086818,0.261,0.15
"462","EC_4","Ifit1",0.408474517798584,2.16615137496566e-07,0.00463751347866397,0.562,0.527
"463","EC_4","Uchl3",0.328970341784584,3.82691031248253e-07,0.00819303228799386,0.443,0.468
"464","EC_4","Ahcyl2",0.294853218177059,4.19583905165191e-07,0.00898287182568157,0.325,0.239
"465","EC_4","S100a13",0.298376960696196,4.30918452383954e-07,0.00922553314708808,0.842,0.811
"466","EC_4","Cyp1a1",1.01706945838137,4.68617583225573e-07,0.0100326338392763,0.266,0.115
"467","EC_4","Gm13889",0.529323204909254,5.91354752866819e-07,0.0126603139041257,0.453,0.363
"468","EC_4","Itga1",0.343190152093053,1.14329602755632e-06,0.0244768246539533,0.291,0.224
"469","EC_4","Oaf",0.373866602013098,1.47226982873488e-06,0.0315198247633851,0.325,0.21
"470","EC_4","Cd93",0.290877883130474,1.5292773786867e-06,0.0327402994003036,0.773,0.783
"471","EC_4","Cmpk2",0.297497376548925,1.72595190670391e-06,0.036950904370624,0.399,0.272
"472","EC_4","Clu",0.398335028001362,1.81154484793635e-06,0.0387833636494694,0.281,0.301
"473","EC_4","Cited2",0.291766603707128,2.7256066529852e-06,0.0583525128337602,0.488,0.461
"474","EC_4","Rflnb",0.331233251036929,2.99981169657714e-06,0.06422296861202,0.532,0.456
"475","EC_4","Prnp",0.334588708539788,3.96514925053337e-06,0.0848898803046689,0.478,0.458
"476","EC_4","Btg2",0.419985075756115,4.19071862393254e-06,0.0897190950197717,0.571,0.554
"477","EC_4","Lpar6",0.336322025230163,4.68703166756199e-06,0.100344660970835,0.739,0.716
"478","EC_4","Gm42418",0.782914072870571,5.13770717426905e-06,0.109993172893926,0.961,0.981
"479","EC_4","AY036118",0.590580145070194,6.01199502470467e-06,0.128710801483902,0.369,0.346
"480","EC_4","Stn1",0.308007760870816,6.15870811052552e-06,0.131851781938241,0.394,0.322
"481","EC_4","Mt1",0.31757253746621,6.21419396585194e-06,0.133039678614924,0.68,0.714
"482","EC_4","Efnb2",0.314003741343883,7.51069424970157e-06,0.160796453191861,0.507,0.449
"483","EC_4","Pdgfb",0.322904101050958,1.39857725397268e-05,0.299421404303012,0.261,0.186
"484","EC_4","Jam2",0.306985498736335,1.65712187679025e-05,0.354773222602024,0.512,0.425
"485","EC_4","Ccnd1",0.355963978878483,1.69892465400022e-05,0.363722779174907,0.365,0.246
"486","EC_4","Nr4a2",0.299941980779108,2.53954020771511e-05,0.543690163069728,0.33,0.274
"487","EC_4","Hbegf",0.343493295512809,3.09741347558007e-05,0.663125250986938,0.788,0.821
"488","EC_4","Gadd45g",0.339408857281968,3.86477251472825e-05,0.827409147678171,0.749,0.79
"489","EC_4","Ednrb",0.296313411010455,4.13845903626411e-05,0.886002695073784,0.7,0.733
"490","EC_4","Nes",0.28658908372513,4.87542973475053e-05,1,0.473,0.465
"491","EC_4","Ubc",0.310716118228898,5.14189768238712e-05,1,0.966,0.99
"492","EC_4","Hspa1a",1.06698874395579,5.39472261408796e-05,1,0.291,0.313
"493","EC_4","Sgpl1",0.290735140788419,0.000105433221076507,1,0.36,0.298
"494","EC_4","Epha2",0.306492652832545,0.0001737623503519,1,0.379,0.339
"495","EC_4","Igfbp7",0.372975401571864,0.000262943787876146,1,0.961,0.95
"496","EC_4","Esm1",0.431529654666148,0.000266046141726612,1,0.571,0.516
"497","EC_4","Vwa1",0.306766241943848,0.00029268425682959,1,0.345,0.329
"498","EC_4","Tob1",0.303015015041452,0.000330425531305987,1,0.291,0.203
"499","EC_4","Mal",0.381565585404919,0.00838760091747895,1,0.31,0.243
"500","EC_4","Hspa1b",0.495967851548827,0.00993928112632716,1,0.266,0.265
